<metadata xml:lang="de"><Esri><CreaDate>20220223</CreaDate><CreaTime>10401200</CreaTime><ArcGISFormat>1.0</ArcGISFormat><SyncOnce>FALSE</SyncOnce><DataProperties><lineage><Process ToolSource="c:\program files\arcgis\pro\Resources\ArcToolbox\toolboxes\Conversion Tools.tbx\FeatureClassToFeatureClass" Date="20220223" Time="104012">FeatureClassToFeatureClass VG2050_GEM_HE_20210101 "H:\CC_GIS\CompetenceCenterGeoinformation\2_Projekte\CCG2021\GIS0023_20210906_Landtagswahlkreise_Neueinteilung für 2023\21_Projektdateien\GIS0023_20211011_LWK-Neueinteilung_2023.gdb" VG2050_GEM_HE_20210101_Join # "ADE "ADE" true true false 2 Short 0 2,First,#,VG2050_GEM_HE_20210101,VG2050_GEM_HE_20210101.ADE,-1,-1;GF "GF" true true false 2 Short 0 2,First,#,VG2050_GEM_HE_20210101,VG2050_GEM_HE_20210101.GF,-1,-1;BSG "BSG" true true false 2 Short 0 2,First,#,VG2050_GEM_HE_20210101,VG2050_GEM_HE_20210101.BSG,-1,-1;ARS "ARS" true true false 12 Text 0 0,First,#,VG2050_GEM_HE_20210101,VG2050_GEM_HE_20210101.ARS,0,12;AGS "AGS" true true false 8 Text 0 0,First,#,VG2050_GEM_HE_20210101,VG2050_GEM_HE_20210101.AGS,0,8;SDV_ARS "SDV_ARS" true true false 12 Text 0 0,First,#,VG2050_GEM_HE_20210101,VG2050_GEM_HE_20210101.SDV_ARS,0,12;GEN "GEN" true true false 60 Text 0 0,First,#,VG2050_GEM_HE_20210101,VG2050_GEM_HE_20210101.GEN,0,60;BEZ "BEZ" true true false 75 Text 0 0,First,#,VG2050_GEM_HE_20210101,VG2050_GEM_HE_20210101.BEZ,0,75;IBZ "IBZ" true true false 2 Short 0 2,First,#,VG2050_GEM_HE_20210101,VG2050_GEM_HE_20210101.IBZ,-1,-1;BEM "BEM" true true false 75 Text 0 0,First,#,VG2050_GEM_HE_20210101,VG2050_GEM_HE_20210101.BEM,0,75;NBD "NBD" true true false 4 Text 0 0,First,#,VG2050_GEM_HE_20210101,VG2050_GEM_HE_20210101.NBD,0,4;SN_L "SN_L" true true false 2 Text 0 0,First,#,VG2050_GEM_HE_20210101,VG2050_GEM_HE_20210101.SN_L,0,2;SN_R "SN_R" true true false 1 Text 0 0,First,#,VG2050_GEM_HE_20210101,VG2050_GEM_HE_20210101.SN_R,0,1;SN_K "SN_K" true true false 2 Text 0 0,First,#,VG2050_GEM_HE_20210101,VG2050_GEM_HE_20210101.SN_K,0,2;SN_V1 "SN_V1" true true false 2 Text 0 0,First,#,VG2050_GEM_HE_20210101,VG2050_GEM_HE_20210101.SN_V1,0,2;SN_V2 "SN_V2" true true false 2 Text 0 0,First,#,VG2050_GEM_HE_20210101,VG2050_GEM_HE_20210101.SN_V2,0,2;SN_G "SN_G" true true false 3 Text 0 0,First,#,VG2050_GEM_HE_20210101,VG2050_GEM_HE_20210101.SN_G,0,3;FK_S3 "FK_S3" true true false 2 Text 0 0,First,#,VG2050_GEM_HE_20210101,VG2050_GEM_HE_20210101.FK_S3,0,2;NUTS "NUTS" true true false 5 Text 0 0,First,#,VG2050_GEM_HE_20210101,VG2050_GEM_HE_20210101.NUTS,0,5;ARS_0 "ARS_0" true true false 12 Text 0 0,First,#,VG2050_GEM_HE_20210101,VG2050_GEM_HE_20210101.ARS_0,0,12;AGS_0 "AGS_0" true true false 8 Text 0 0,First,#,VG2050_GEM_HE_20210101,VG2050_GEM_HE_20210101.AGS_0,0,8;WSK "WSK" true true false 8 Date 0 0,First,#,VG2050_GEM_HE_20210101,VG2050_GEM_HE_20210101.WSK,-1,-1;DEBKG_ID "DEBKG_ID" true true false 16 Text 0 0,First,#,VG2050_GEM_HE_20210101,VG2050_GEM_HE_20210101.DEBKG_ID,0,16;AGS_1 "AGS" true true false 255 Text 0 0,First,#,VG2050_GEM_HE_20210101,tab_gem_he$.AGS,0,255;GEN_1 "GEN" true true false 255 Text 0 0,First,#,VG2050_GEM_HE_20210101,tab_gem_he$.GEN,0,255;LWK "LWK" true true false 8 Double 0 0,First,#,VG2050_GEM_HE_20210101,tab_gem_he$.LWK,-1,-1;ObjectID "ObjectID" false true false 4 Long 0 9,First,#,VG2050_GEM_HE_20210101,tab_gem_he$.ObjectID,-1,-1" #</Process><Process ToolSource="c:\program files\arcgis\pro\Resources\ArcToolbox\toolboxes\Data Management Tools.tbx\Dissolve" Date="20220503" Time="070530">Dissolve VG2050_GEM_HE_20210101_Join "H:\CC_GIS\CompetenceCenterGeoinformation\2_Projekte\CCG2021\GIS0023_20210906_Landtagswahlkreise_Neueinteilung für 2023\21_Projektdateien\GIS0023_20211011_LWK-Neueinteilung_2023.gdb\VG2050_GEM_HE_20210101_Diss2" LWK # MULTI_PART DISSOLVE_LINES</Process><Process ToolSource="c:\program files\arcgis\pro\Resources\ArcToolbox\toolboxes\Conversion Tools.tbx\FeatureClassToFeatureClass" Date="20220503" Time="072504">FeatureClassToFeatureClass "VG2050_GEM_HE_20210101_Diss2 Auswahl" "H:\CC_GIS\CompetenceCenterGeoinformation\2_Projekte\CCG2021\GIS0023_20210906_Landtagswahlkreise_Neueinteilung für 2023\21_Projektdateien\GIS0023_20211011_LWK-Neueinteilung_2023.gdb" VG2050_GEM_HE_20210101_Diss # "LWK "LWK" true true false 8 Double 0 0,First,#,VG2050_GEM_HE_20210101_Diss2 Auswahl,LWK,-1,-1;Shape_Length "Shape_Length" false true true 8 Double 0 0,First,#,VG2050_GEM_HE_20210101_Diss2 Auswahl,Shape_Length,-1,-1;Shape_Area "Shape_Area" false true true 8 Double 0 0,First,#,VG2050_GEM_HE_20210101_Diss2 Auswahl,Shape_Area,-1,-1" #</Process><Process ToolSource="c:\program files\arcgis\pro\Resources\ArcToolbox\toolboxes\Conversion Tools.tbx\FeatureClassToFeatureClass" Date="20220503" Time="075810">FeatureClassToFeatureClass "VG2050_GEM_HE_20210101_Diss Auswahl" "H:\CC_GIS\CompetenceCenterGeoinformation\2_Projekte\CCG2021\GIS0023_20210906_Landtagswahlkreise_Neueinteilung für 2023\21_Projektdateien\GIS0023_20211011_LWK-Neueinteilung_2023.gdb" HSL_Landtagswahlkreise_2023_ohneStädte # "LWK "LWK" true true false 8 Double 0 0,First,#,VG2050_GEM_HE_20210101_Diss Auswahl,LWK,-1,-1;Shape_Length "Shape_Length" false true true 8 Double 0 0,First,#,VG2050_GEM_HE_20210101_Diss Auswahl,Shape_Length,-1,-1;Shape_Area "Shape_Area" false true true 8 Double 0 0,First,#,VG2050_GEM_HE_20210101_Diss Auswahl,Shape_Area,-1,-1" #</Process><Process ToolSource="c:\program files\arcgis\pro\Resources\ArcToolbox\toolboxes\Data Management Tools.tbx\Merge" Date="20220503" Time="080715">Merge HSL_Landtagswahlkreise_2023_ohneStädte;HSL_Landtagswahlkreise_2023_Städte "H:\CC_GIS\CompetenceCenterGeoinformation\2_Projekte\CCG2021\GIS0023_20210906_Landtagswahlkreise_Neueinteilung für 2023\21_Projektdateien\GIS0023_20211011_LWK-Neueinteilung_2023.gdb\HSL_Landtagswahlkreise_2023" "RBZ "RBZ" true true false 254 Text 0 0,First,#,HSL_Landtagswahlkreise_2023_Städte,RBZ,0,254;LWK "LWK" true true false 8 Double 0 0,First,#,HSL_Landtagswahlkreise_2023_ohneStädte,LWK,-1,-1,HSL_Landtagswahlkreise_2023_Städte,LWK,-1,-1;LWK_NAME "LWK_NAME" true true false 254 Text 0 0,First,#,HSL_Landtagswahlkreise_2023_Städte,LWK_NAME,0,254;Shape_Length "Shape_Length" false true true 8 Double 0 0,First,#,HSL_Landtagswahlkreise_2023_ohneStädte,Shape_Length,-1,-1,HSL_Landtagswahlkreise_2023_Städte,Shape_Length,-1,-1;Shape_Area "Shape_Area" false true true 8 Double 0 0,First,#,HSL_Landtagswahlkreise_2023_ohneStädte,Shape_Area,-1,-1,HSL_Landtagswahlkreise_2023_Städte,Shape_Area,-1,-1" NO_SOURCE_INFO</Process><Process ToolSource="c:\program files\arcgis\pro\Resources\ArcToolbox\toolboxes\Conversion Tools.tbx\FeatureClassToFeatureClass" Date="20220503" Time="083351">FeatureClassToFeatureClass HSL_Landtagswahlkreise_2023 "H:\CC_GIS\CompetenceCenterGeoinformation\2_Projekte\CCG2021\GIS0023_20210906_Landtagswahlkreise_Neueinteilung für 2023\25_Plotausgaben\252_Endergebnis" HSL_Landtagswahlkreise_2023.shp # "RBZ "RBZ" true true false 254 Text 0 0,First,#,HSL_Landtagswahlkreise_2023,RBZ,0,254;LWK "LWK" true true false 8 Double 0 0,First,#,HSL_Landtagswahlkreise_2023,LWK,-1,-1;LWK_NAME "LWK_NAME" true true false 254 Text 0 0,First,#,HSL_Landtagswahlkreise_2023,LWK_NAME,0,254;Shape_Length "Shape_Length" false true true 8 Double 0 0,First,#,HSL_Landtagswahlkreise_2023,Shape_Length,-1,-1;Shape_Area "Shape_Area" false true true 8 Double 0 0,First,#,HSL_Landtagswahlkreise_2023,Shape_Area,-1,-1" #</Process><Process ToolSource="c:\program files\arcgis\pro\Resources\ArcToolbox\toolboxes\Conversion Tools.tbx\FeatureClassToFeatureClass" Date="20230214" Time="083852">FeatureClassToFeatureClass HSL_Landtagswahlkreise_2023 H:\CC_GIS\CompetenceCenterGeoinformation\2_Projekte\CCG2023\GIS0005_2023021_Wahlen_Anpassung_LTW_BromskirchenAllendorf\25_Plotausgaben\251_Zwischenergebnis\hsl_landtagswahlkreise_2023 HSL_Landtagswahlkreise_2023.shp # "RBZ "RBZ" true true false 254 Text 0 0,First,#,HSL_Landtagswahlkreise_2023,RBZ,0,254;LWK "LWK" true true false 19 Double 0 0,First,#,HSL_Landtagswahlkreise_2023,LWK,-1,-1;LWK_NAME "LWK_NAME" true true false 254 Text 0 0,First,#,HSL_Landtagswahlkreise_2023,LWK_NAME,0,254;Shape_Leng "Shape_Leng" true true false 19 Double 0 0,First,#,HSL_Landtagswahlkreise_2023,Shape_Leng,-1,-1;Shape_Area "Shape_Area" true true false 19 Double 0 0,First,#,HSL_Landtagswahlkreise_2023,Shape_Area,-1,-1" #</Process></lineage><itemProps><itemName Sync="TRUE">HSL_Landtagswahlkreise_2023</itemName><imsContentType Sync="TRUE">002</imsContentType><itemLocation><linkage Sync="TRUE">file://\\hsl.hessen.de\Abteilungen\CC_GIS\CompetenceCenterGeoinformation\2_Projekte\CCG2023\GIS0005_2023021_Wahlen_Anpassung_LTW_BromskirchenAllendorf\25_Plotausgaben\251_Zwischenergebnis\hsl_landtagswahlkreise_2023\HSL_Landtagswahlkreise_2023.shp</linkage><protocol Sync="TRUE">Local Area Network</protocol></itemLocation><itemSize Sync="TRUE">0.000</itemSize></itemProps><coordRef><type Sync="TRUE">Projected</type><geogcsn Sync="TRUE">GCS_ETRS_1989</geogcsn><csUnits Sync="TRUE">Linear Unit: Meter (1.000000)</csUnits><projcsn Sync="TRUE">ETRS_1989_UTM_Zone_32N</projcsn><peXml Sync="TRUE">&lt;ProjectedCoordinateSystem xsi:type='typens:ProjectedCoordinateSystem' xmlns:xsi='http://www.w3.org/2001/XMLSchema-instance' xmlns:xs='http://www.w3.org/2001/XMLSchema' xmlns:typens='http://www.esri.com/schemas/ArcGIS/2.8.0'&gt;&lt;WKT&gt;PROJCS[&amp;quot;ETRS_1989_UTM_Zone_32N&amp;quot;,GEOGCS[&amp;quot;GCS_ETRS_1989&amp;quot;,DATUM[&amp;quot;D_ETRS_1989&amp;quot;,SPHEROID[&amp;quot;GRS_1980&amp;quot;,6378137.0,298.257222101]],PRIMEM[&amp;quot;Greenwich&amp;quot;,0.0],UNIT[&amp;quot;Degree&amp;quot;,0.0174532925199433]],PROJECTION[&amp;quot;Transverse_Mercator&amp;quot;],PARAMETER[&amp;quot;False_Easting&amp;quot;,500000.0],PARAMETER[&amp;quot;False_Northing&amp;quot;,0.0],PARAMETER[&amp;quot;Central_Meridian&amp;quot;,9.0],PARAMETER[&amp;quot;Scale_Factor&amp;quot;,0.9996],PARAMETER[&amp;quot;Latitude_Of_Origin&amp;quot;,0.0],UNIT[&amp;quot;Meter&amp;quot;,1.0],AUTHORITY[&amp;quot;EPSG&amp;quot;,25832]]&lt;/WKT&gt;&lt;XOrigin&gt;-5120900&lt;/XOrigin&gt;&lt;YOrigin&gt;-9998100&lt;/YOrigin&gt;&lt;XYScale&gt;450445547.3910538&lt;/XYScale&gt;&lt;ZOrigin&gt;-100000&lt;/ZOrigin&gt;&lt;ZScale&gt;10000&lt;/ZScale&gt;&lt;MOrigin&gt;-100000&lt;/MOrigin&gt;&lt;MScale&gt;10000&lt;/MScale&gt;&lt;XYTolerance&gt;0.001&lt;/XYTolerance&gt;&lt;ZTolerance&gt;0.001&lt;/ZTolerance&gt;&lt;MTolerance&gt;0.001&lt;/MTolerance&gt;&lt;HighPrecision&gt;true&lt;/HighPrecision&gt;&lt;WKID&gt;25832&lt;/WKID&gt;&lt;LatestWKID&gt;25832&lt;/LatestWKID&gt;&lt;/ProjectedCoordinateSystem&gt;</peXml></coordRef></DataProperties><SyncDate>20230214</SyncDate><SyncTime>08385100</SyncTime><ModDate>20230214</ModDate><ModTime>08385100</ModTime></Esri><dataIdInfo><envirDesc Sync="TRUE">Microsoft Windows 10 Version 10.0 (Build 19044) ; Esri ArcGIS 12.8.3.29751</envirDesc><dataLang><languageCode value="deu" Sync="TRUE"></languageCode><countryCode value="DEU" Sync="TRUE"></countryCode></dataLang><idCitation><resTitle Sync="TRUE">HSL_Landtagswahlkreise_2023</resTitle><presForm><PresFormCd value="005" Sync="TRUE"></PresFormCd></presForm></idCitation><spatRpType><SpatRepTypCd value="001" Sync="TRUE"></SpatRepTypCd></spatRpType></dataIdInfo><mdLang><languageCode value="deu" Sync="TRUE"></languageCode><countryCode value="DEU" Sync="TRUE"></countryCode></mdLang><distInfo><distFormat><formatName Sync="TRUE">Shapefile</formatName></distFormat><distTranOps><transSize Sync="TRUE">0.000</transSize></distTranOps></distInfo><mdHrLv><ScopeCd value="005" Sync="TRUE"></ScopeCd></mdHrLv><mdHrLvName Sync="TRUE">dataset</mdHrLvName><refSysInfo><RefSystem><refSysID><identCode code="25832" Sync="TRUE"></identCode><idCodeSpace Sync="TRUE">EPSG</idCodeSpace><idVersion Sync="TRUE">4.3(4.0.0)</idVersion></refSysID></RefSystem></refSysInfo><spatRepInfo><VectSpatRep><geometObjs Name="HSL_Landtagswahlkreise_2023"><geoObjTyp><GeoObjTypCd value="002" Sync="TRUE"></GeoObjTypCd></geoObjTyp><geoObjCnt Sync="TRUE">0</geoObjCnt></geometObjs><topLvl><TopoLevCd value="001" Sync="TRUE"></TopoLevCd></topLvl></VectSpatRep></spatRepInfo><spdoinfo><ptvctinf><esriterm Name="HSL_Landtagswahlkreise_2023"><efeatyp Sync="TRUE">Simple</efeatyp><efeageom code="4" Sync="TRUE"></efeageom><esritopo Sync="TRUE">FALSE</esritopo><efeacnt Sync="TRUE">0</efeacnt><spindex Sync="TRUE">FALSE</spindex><linrefer Sync="TRUE">FALSE</linrefer></esriterm></ptvctinf></spdoinfo><eainfo><detailed Name="HSL_Landtagswahlkreise_2023"><enttyp><enttypl Sync="TRUE">HSL_Landtagswahlkreise_2023</enttypl><enttypt Sync="TRUE">Feature Class</enttypt><enttypc Sync="TRUE">0</enttypc></enttyp><attr><attrlabl Sync="TRUE">FID</attrlabl><attalias Sync="TRUE">FID</attalias><attrtype Sync="TRUE">OID</attrtype><attwidth Sync="TRUE">4</attwidth><atprecis Sync="TRUE">0</atprecis><attscale Sync="TRUE">0</attscale><attrdef Sync="TRUE">Internal feature number.</attrdef><attrdefs Sync="TRUE">Esri</attrdefs><attrdomv><udom Sync="TRUE">Sequential unique whole numbers that are automatically generated.</udom></attrdomv></attr><attr><attrlabl Sync="TRUE">Shape</attrlabl><attalias Sync="TRUE">Shape</attalias><attrtype Sync="TRUE">Geometry</attrtype><attwidth Sync="TRUE">0</attwidth><atprecis Sync="TRUE">0</atprecis><attscale Sync="TRUE">0</attscale><attrdef Sync="TRUE">Feature geometry.</attrdef><attrdefs Sync="TRUE">Esri</attrdefs><attrdomv><udom Sync="TRUE">Coordinates defining the features.</udom></attrdomv></attr><attr><attrlabl Sync="TRUE">RBZ</attrlabl><attalias Sync="TRUE">RBZ</attalias><attrtype Sync="TRUE">String</attrtype><attwidth Sync="TRUE">254</attwidth><atprecis Sync="TRUE">0</atprecis><attscale Sync="TRUE">0</attscale></attr><attr><attrlabl Sync="TRUE">LWK</attrlabl><attalias Sync="TRUE">LWK</attalias><attrtype Sync="TRUE">Double</attrtype><attwidth Sync="TRUE">19</attwidth><atprecis Sync="TRUE">0</atprecis><attscale Sync="TRUE">0</attscale></attr><attr><attrlabl Sync="TRUE">LWK_NAME</attrlabl><attalias Sync="TRUE">LWK_NAME</attalias><attrtype Sync="TRUE">String</attrtype><attwidth Sync="TRUE">254</attwidth><atprecis Sync="TRUE">0</atprecis><attscale Sync="TRUE">0</attscale></attr><attr><attrlabl Sync="TRUE">Shape_Leng</attrlabl><attalias Sync="TRUE">Shape_Leng</attalias><attrtype Sync="TRUE">Double</attrtype><attwidth Sync="TRUE">19</attwidth><atprecis Sync="TRUE">0</atprecis><attscale Sync="TRUE">0</attscale></attr><attr><attrlabl Sync="TRUE">Shape_Area</attrlabl><attalias Sync="TRUE">Shape_Area</attalias><attrtype Sync="TRUE">Double</attrtype><attwidth Sync="TRUE">19</attwidth><atprecis Sync="TRUE">0</atprecis><attscale Sync="TRUE">0</attscale><attrdef Sync="TRUE">Area of feature in internal units squared.</attrdef><attrdefs Sync="TRUE">Esri</attrdefs><attrdomv><udom Sync="TRUE">Positive real numbers that are automatically generated.</udom></attrdomv></attr></detailed></eainfo><mdDateSt Sync="TRUE">20230214</mdDateSt></metadata>
